First_Name,Last_Name,Email,Address,Mobile,NIC

Emily,Blake,emily.blake@example.com,123 Cherry Lane,1234567890,NIC223456
James,Smith,james.smith@example.com,456 Oak Street,2345678901,NIC223457
Sophia,Johnson,sophia.johnson@example.com,789 Maple Avenue,3456789012,NIC223458
Michael,White,michael.white@example.com,101 Pine Road,4567890123,NIC223459
Olivia,Brown,olivia.brown@example.com,202 Birch Blvd,5678901234,NIC223460
William,Taylor,william.taylor@example.com,303 Cedar Street,6789012345,NIC223461
Ava,Anderson,ava.anderson@example.com,404 Spruce Lane,7890123456,NIC223462
Benjamin,Harris,benjamin.harris@example.com,505 Elm Road,8901234567,NIC223463
Isabella,Walker,isabella.walker@example.com,606 Aspen Avenue,9012345678,NIC223464
Lucas,Moore,lucas.moore@example.com,707 Chestnut Court,0123456789,NIC223465
Mia,Hall,mia.hall@example.com,808 Maple Terrace,1234567891,NIC223466
Ethan,Allen,ethan.allen@example.com,909 Oak Lane,2345678902,NIC223467
Charlotte,Young,charlotte.young@example.com,111 Birch Place,3456789013,NIC223468
Henry,King,henry.king@example.com,222 Cedar Court,4567890124,NIC223469
Amelia,Lee,amelia.lee@example.com,333 Elm Street,5678901235,NIC223470
Jack,Scott,jack.scott@example.com,444 Spruce Avenue,6789012346,NIC223471
Harper,Martin,harper.martin@example.com,555 Aspen Street,7890123457,NIC223472
Alexander,Green,alexander.green@example.com,666 Chestnut Lane,8901234568,NIC223473
Evelyn,Adams,evelyn.adams@example.com,777 Maple Court,9012345679,NIC223474
Daniel,Phillips,daniel.phillips@example.com,888 Oak Place,0123456780,NIC223475
Aria,Campbell,aria.campbell@example.com,999 Pine Terrace,1234567892,NIC223476
Matthew,Mitchell,matthew.mitchell@example.com,1010 Birch Lane,2345678903,NIC223477
Ella,Parker,ella.parker@example.com,1111 Cedar Road,3456789014,NIC223478
Samuel,Evans,samuel.evans@example.com,1212 Elm Court,4567890125,NIC223479
Grace,Turner,grace.turner@example.com,1313 Spruce Lane,5678901236,NIC223480
Noah,Carter,noah.carter@example.com,1414 Aspen Road,6789012347,NIC223481
Scarlett,Collins,scarlett.collins@example.com,1515 Chestnut Avenue,7890123458,NIC223482
Liam,Bailey,liam.bailey@example.com,1616 Maple Street,8901234569,NIC223483
Hannah,Reed,hannah.reed@example.com,1717 Oak Boulevard,9012345670,NIC223484
Nathan,Gray,nathan.gray@example.com,1818 Pine Lane,0123456781,NIC223485
Chloe,Peterson,chloe.peterson@example.com,1919 Birch Avenue,1234567893,NIC223486
David,Hughes,david.hughes@example.com,2020 Cedar Boulevard,2345678904,NIC223487
Sofia,Diaz,sofia.diaz@example.com,2121 Elm Place,3456789015,NIC223488
Joseph,Bennett,joseph.bennett@example.com,2222 Spruce Terrace,4567890126,NIC223489
Abigail,Morris,abigail.morris@example.com,2323 Aspen Lane,5678901237,NIC223490
Andrew,Ortiz,andrew.ortiz@example.com,2424 Chestnut Road,6789012348,NIC223491
Zoey,Jenkins,zoey.jenkins@example.com,2525 Maple Boulevard,7890123459,NIC223492
Elijah,Long,elijah.long@example.com,2626 Oak Avenue,8901234570,NIC223493
Mila,Wood,mila.wood@example.com,2727 Pine Street,9012345671,NIC223494
Aiden,Ross,aiden.ross@example.com,2828 Birch Lane,0123456782,NIC223495
Lily,Garcia,lily.garcia@example.com,2929 Cedar Court,1234567894,NIC223496
Sebastian,Hernandez,sebastian.hernandez@example.com,3030 Elm Boulevard,2345678905,NIC223497
Victoria,Clark,victoria.clark@example.com,3131 Spruce Place,3456789016,NIC223498
Jackson,Ramirez,jackson.ramirez@example.com,3232 Aspen Terrace,4567890127,NIC223499
Layla,Lewis,layla.lewis@example.com,3333 Chestnut Lane,5678901238,NIC223500
David,Lee,david.lee@example.com,3434 Maple Road,6789012349,NIC223501
Avery,Walker,avery.walker@example.com,3535 Oak Avenue,7890123460,NIC223502
Luke,Young,luke.young@example.com,3636 Pine Street,8901234571,NIC223503
Eleanor,Hall,eleanor.hall@example.com,3737 Birch Boulevard,9012345672,NIC223504
Grayson,Allen,grayson.allen@example.com,3838 Cedar Place,0123456783,NIC223505
Addison,King,addison.king@example.com,3939 Elm Lane,1234567895,NIC223506
Isaac,Scott,isaac.scott@example.com,4040 Spruce Court,2345678906,NIC223507
Victoria,Martinez,victoria.martinez@example.com,4141 Aspen Boulevard,3456789017,NIC223508
Carter,White,carter.white@example.com,4242 Chestnut Avenue,4567890128,NIC223509
Zoe,Davis,zoe.davis@example.com,4343 Maple Street,5678901239,NIC223510
Gabriel,Hill,gabriel.hill@example.com,4444 Oak Lane,6789012350,NIC223511
Addison,Green,addison.green@example.com,4545 Pine Place,7890123461,NIC223512
Isaac,Baker,isaac.baker@example.com,4646 Birch Road,8901234572,NIC223513
Grace,Adams,grace.adams@example.com,4747 Cedar Boulevard,9012345673,NIC223514
Samuel,Nelson,samuel.nelson@example.com,4848 Elm Avenue,0123456784,NIC223515
Stella,Wright,stella.wright@example.com,4949 Spruce Street,1234567896,NIC223516
Andrew,Thomas,andrew.thomas@example.com,5050 Aspen Lane,2345678907,NIC223517
Natalie,Lopez,natalie.lopez@example.com,5151 Chestnut Court,3456789018,NIC223518
Matthew,Gonzalez,matthew.gonzalez@example.com,5252 Maple Boulevard,4567890129,NIC223519
Addison,Miller,addison.miller@example.com,5353 Oak Place,5678901240,NIC223520
Owen,Ross,owen.ross@example.com,5454 Pine Terrace,6789012351,NIC223521
Aubrey,Ramirez,aubrey.ramirez@example.com,5555 Birch Lane,7890123462,NIC223522
Michael,Mitchell,michael.mitchell@example.com,5656 Cedar Court,8901234573,NIC223523
Aria,Parker,aria.parker@example.com,5757 Elm Road,9012345674,NIC223524
Ethan,King,ethan.king@example.com,5858 Spruce Boulevard,0123456785,NIC223525
Ava,Lee,ava.lee@example.com,5959 Aspen Avenue,1234567897,NIC223526
Liam,Brown,liam.brown@example.com,6060 Chestnut Street,2345678908,NIC223527
